{"acc": {"torch_RNN": 0.500354550180644, "torch_GRU": 0.5016661377718848, "torch_LSTM": 0.49826691925090594, "GRU": 0.49992066012681835, "LSTM": 0.4997595009142465}, "run_time": {"torch_RNN": 31.365867137908936, "torch_GRU": 113.39395523071289, "torch_LSTM": 206.84562587738037, "GRU": 374.10698795318604, "LSTM": 569.8487277030945}}